Corpus,Lexical Diffusion Score,Thematic Divergence (Perplexity)
Tolkien (Root),710.9056603773585,628.3438993578889
Successors (80s/90s),519.448275862069,851.6484026807092
Modern (Deconstruction),475.59302325581393,859.1519476770039
